{"cameraMode":{"drawMode":0,"name":"Shaded","section":"Shading Mode"},"sceneLighting":false,"audioPlay":false,"sceneViewState":{"showFog":false,"showMaterialUpdate":false,"showSkybox":false,"showFlares":false,"showImageEffects":false,"showParticleSystems":false},"in2DMode":false,"pivot":{"x":1.397051363483115e-10,"y":0.10681246966123581,"z":4.010663032531738},"rotation":{"x":0.12514528632164002,"y":0.8560196757316589,"z":-0.24466803669929505,"w":0.4378439784049988},"size":0.5978496074676514,"orthographic":false}