{"cameraMode":{"drawMode":0,"name":"Shaded","section":"Shading Mode"},"sceneLighting":true,"audioPlay":false,"sceneViewState":{"showFog":false,"showMaterialUpdate":false,"showSkybox":false,"showFlares":false,"showImageEffects":false,"showParticleSystems":false},"in2DMode":false,"pivot":{"x":20.275999069213868,"y":2.3675942420959474,"z":5.381758213043213},"rotation":{"x":0.07087698578834534,"y":0.8100899457931519,"z":-0.10014696419239044,"w":0.573328971862793},"size":1.59635591506958,"orthographic":false}